{"0": {"mean": [0.0017505214494817397, 0.0017401266331766166, 0.0012795898259854784], "std0": [0.0009916484355926513, 0.0009945955930971632, 0.0011367585144790948]}, "1": {"mean": [0.0017511330398858763, 0.0017420429809420716, 0.0012797125414306043], "std0": [0.0009921796181622674, 0.0009950508089626537, 0.001136946444417916]}, "2": {"mean": [0.0017508658708310595, 0.0017422670242833156, 0.001278452662860646], "std0": [0.0009884988560396083, 0.0009921478290183872, 0.0011345732445810356]}}