{"0": {"mean": [0.0018997835178001254, 0.0017531414826711018, 0.001215054474624933], "std0": [0.000927572858099844, 0.0009465959726595411, 0.0011005835205900904]}, "1": {"mean": [0.0018608757093840954, 0.0018400367568520938, 0.0011974562616909252], "std0": [0.0009212219831990261, 0.0009268824376311957, 0.0009958603802849265]}}