{"0": {"mean": [0.0017509627575967826, 0.001740593769971062, 0.001279151205923043], "std0": [0.0009911220447689879, 0.0009941544018539728, 0.0011366211900524065]}, "1": {"mean": [0.001751121586444331, 0.0017421398677077947, 0.0012799400909274232], "std0": [0.0009921487639932072, 0.0009948029237634996, 0.001136322816212972]}, "2": {"mean": [0.0017505734574561026, 0.0017417813048643223, 0.0012787652950660856], "std0": [0.0009890975905399696, 0.0009928238158132515, 0.0011353534810683308]}, "3": {"mean": [0.0017509331890180999, 0.0017415279266881007, 0.0012793144759009865], "std0": [0.0009907820645500632, 0.0009939293066660562, 0.0011360991234872855]}}