{"0": [[0.4691032844499407, 0.4642999397722259, 0.3367527026156445], [0.25391136811674037, 0.25511066727296733, 0.29634439087307474], [0.2539114585104833, 0.2551107573869328, 0.2963444952522965]], "1": [[0.4693464024142023, 0.4647783213452792, 0.33516081830332584], [0.25097124265802273, 0.2509423582253417, 0.2935421279130286], [0.2509713321361989, 0.2509424470412791, 0.2935422314196143]], "2": [[0.46598202827447943, 0.4625296299462866, 0.3345988147630704], [0.25433435014241607, 0.2563203380297623, 0.2973605209886066], [0.2543344406678774, 0.25632042852042414, 0.29736062568425525]], "3": [[0.47045614981483663, 0.46831747207811697, 0.34043276211154105], [0.2549591611211113, 0.2553095468361302, 0.2982085550849592], [0.2549592518411412, 0.2553096370120277, 0.29820866004468904]]}