{"0": {"mean": [0.0017505666788886576, 0.0017412613419925465, 0.0012808089162789139], "std0": [0.0009911860905441583, 0.0009947095431533514, 0.0011372312611224605]}}