{"0": {"mean": [0.0017344962148105397, 0.001733833668278713, 0.0011838410414901435], "std0": [0.0009255614935183057, 0.0009142228785683127, 0.0010372785960926728]}}