{"0": {"mean": [0.0017170946972042906, 0.0017039978036693499, 0.0012039661407470704], "std0": [0.0009368337836920046, 0.0009318411934609507, 0.00105056552325978]}}