{"experiment_params": {"transform": {"resize_dim": 256, "crop_dim": 224}, "train": {"shuffle_data": false, "batch_size": 128, "val_split_method": "k-fold", "k": 3, "val_percentage": 20, "loss": "cross-entropy", "epoch_interval": 1, "num_epochs": 5}, "model": {"name": "resnet18", "optimizer": "Adam", "lr": 0.001, "weight_decay": 1e-05, "amsgrad": false, "momentum": 0.9}, "test_model": false}, "results": {"valloss": 0.9248468996548573, "trloss": 0.0, "valacc": 0.5973069071769714, "trlosshistory": [1.0649211406707764, 0.962942898273468, 0.9325635433197021, 0.9118239283561707, 0.8933039307594299], "vallosshistory": [1.0867128372192383, 1.2221994400024414, 1.1749886274337769, 1.0545254945755005, 0.924846887588501], "valacchistory": [0.4844055771827698, 0.44792264699935913, 0.4185751974582672, 0.4998273551464081, 0.5973069071769714], "epoch": -1, "fold": 0}}