{"experiment_params": {"transform": {"resize_dim": 256, "crop_dim": 224}, "train": {"shuffle_data": false, "batch_size": 128, "val_split_method": "k-fold", "k": 2, "val_percentage": 20, "loss": "cross-entropy", "epoch_interval": 1, "num_epochs": 3}, "model": {"name": "resnet18", "optimizer": "Adam", "lr": 0.001, "weight_decay": 1e-05, "amsgrad": false, "momentum": 0.9}, "test_model": false}, "results": {"valloss": 4.462800908088684, "trloss": 1.6795435873361735, "valacc": 0.32307693362236023, "trlosshistory": [1.5788700580596924, 1.5975565910339355, 1.6795436143875122], "vallosshistory": [94.74486541748047, 40.073795318603516, 4.462800979614258], "valacchistory": [0.023076923564076424, 0.3076923191547394, 0.32307693362236023], "epoch": -1, "fold": 1}}