{"experiment_params": {"transform": {"resize_dim": 256, "crop_dim": 224}, "train": {"shuffle_data": false, "batch_size": 128, "val_split_method": "k-fold", "k": 2, "val_percentage": 20, "loss": "cross-entropy", "epoch_interval": 1, "num_epochs": 5}, "model": {"name": "resnet18", "optimizer": "Adam", "lr": 0.001, "weight_decay": 1e-05, "amsgrad": false, "momentum": 0.9}, "test_model": false}, "results": {"valloss": 1.7526007193785447, "trloss": 1.6068456099583552, "valacc": 0.007692307699471712, "trlosshistory": [1.6068456172943115, 1.6068456172943115, 1.6068456172943115, 1.6068456172943115, 1.6068456172943115], "vallosshistory": [5.1821699142456055, 2.888843536376953, 2.1615591049194336, 1.8784196376800537, 1.7526006698608398], "valacchistory": [0.007692307699471712, 0.007692307699471712, 0.007692307699471712, 0.007692307699471712, 0.007692307699471712], "epoch": -1, "fold": 1}}