{"experiment_params": {"transform": {"resize_dim": 350, "crop_dim": 256}, "train": {"shuffle_data": false, "batch_size": 128, "val_split_method": "fixed-split", "k": 3, "val_percentage": 20, "loss": "cross-entropy", "epoch_interval": 1, "num_epochs": 2}, "model": {"name": "alexnet", "optimizer": "Adam", "lr": 0.001, "weight_decay": 1e-05, "amsgrad": false, "momentum": 0.9}, "test_model": false}, "results": {"valloss": 1.4080054759979248, "trloss": 40.92866042944101, "valacc": 0.32692307233810425, "trlosshistory": [343.1827087402344, 40.92866134643555], "vallosshistory": [54.455970764160156, 1.4080054759979248], "valacchistory": [0.32692307233810425, 0.32692307233810425], "epoch": -1, "fold": 0}}