{"experiment_params": {"transform": {"resize_dim": 350, "crop_dim": 256}, "train": {"shuffle_data": false, "batch_size": 128, "val_split_method": "fixed-split", "k": 3, "val_percentage": 20, "loss": "cross-entropy", "epoch_interval": 1, "num_epochs": 30}, "model": {"name": "alexnet", "optimizer": "Adam", "lr": 0.001, "weight_decay": 1e-05, "amsgrad": false, "momentum": 0.9}, "test_model": false}, "results": {"valloss": 1.0901295209077322, "trloss": 0.7173763304441503, "valacc": 0.5096873044967651, "trlosshistory": [20.154714584350586, 1.0772416591644287, 1.0758166313171387, 1.0615193843841553, 1.0148066282272339, 1.0135291814804077, 0.99669349193573, 1.0166503190994263, 0.9963307976722717, 0.9410083293914795, 0.9333593845367432, 0.9244870543479919, 0.8942120671272278, 0.7905331254005432, 0.8510660529136658, 0.9806917309761047, 0.976203203201294, 0.8027191162109375, 0.7868804931640625, 0.8847337961196899, 0.9376339912414551, 0.7697225213050842, 0.7413023114204407, 0.8116212487220764, 0.8865652084350586, 0.9355958104133606, 0.7999270558357239, 0.7981638312339783, 0.8222689032554626, 0.7173763513565063], "vallosshistory": [1.1115000247955322, 1.083411693572998, 1.0691639184951782, 1.05832040309906, 1.055907130241394, 1.0546674728393555, 1.0713690519332886, 1.0220420360565186, 1.0281424522399902, 1.0473800897598267, 1.044081211090088, 1.0727595090866089, 1.052459716796875, 1.0891790390014648, 1.0570399761199951, 1.028805136680603, 1.0326085090637207, 1.0526973009109497, 1.0748435258865356, 1.054133415222168, 1.034645438194275, 1.2312208414077759, 1.0802346467971802, 1.0583604574203491, 1.0543135404586792, 1.0388463735580444, 1.0608277320861816, 1.0248091220855713, 1.0554507970809937, 1.0901294946670532], "valacchistory": [0.43890273571014404, 0.4623057544231415, 0.4853251278400421, 0.5116056203842163, 0.5169767737388611, 0.5154421329498291, 0.5121811032295227, 0.5424899458885193, 0.5367350578308105, 0.5281028151512146, 0.5348168015480042, 0.5219643115997314, 0.5215806365013123, 0.49568384885787964, 0.5422980785369873, 0.55380779504776, 0.5446000099182129, 0.5459428429603577, 0.5313639044761658, 0.5279110074043274, 0.55380779504776, 0.4845578372478485, 0.5317475199699402, 0.5447918772697449, 0.5463264584541321, 0.5497794151306152, 0.5117974281311035, 0.558027982711792, 0.5355840921401978, 0.5096873044967651], "epoch": -1, "fold": 0}}